{
  "mean": [
    3.8450520833333335,
    120.89453125,
    69.10546875,
    20.536458333333332,
    79.79947916666667,
    31.992578124999998,
    0.47187630208333325,
    33.240885416666664
  ],
  "scale": [
    3.3673836124089958,
    31.95179590820272,
    19.343201628981696,
    15.941828626496939,
    115.16894926467262,
    7.87902573154013,
    0.3311128160286291,
    11.752572645994181
  ],
  "feature_names": [
    "Pregnancies",
    "Glucose",
    "BloodPressure",
    "SkinThickness",
    "Insulin",
    "BMI",
    "DiabetesPedigreeFunction",
    "Age"
  ]
}